{
  "emotion_heatmap": {
    "dates": [
      "2024-01-01",
      "2024-01-02",
      "2024-01-03",
      "2024-01-04",
      "2024-01-05",
      "2024-01-06",
      "2024-01-07",
      "2024-01-08",
      "2024-01-09",
      "2024-01-10",
      "2024-01-11",
      "2024-01-12",
      "2024-01-13",
      "2024-01-14",
      "2024-01-15",
      "2024-01-16",
      "2024-01-17",
      "2024-01-18",
      "2024-01-19",
      "2024-01-20",
      "2024-01-21",
      "2024-01-22",
      "2024-01-23",
      "2024-01-24",
      "2024-01-25",
      "2024-01-26",
      "2024-01-27",
      "2024-01-28",
      "2024-01-29",
      "2024-01-30"
    ],
    "hours": [
      0,
      1,
      2,
      3,
      4,
      5,
      6,
      7,
      8,
      9,
      10,
      11,
      12,
      13,
      14,
      15,
      16,
      17,
      18,
      19,
      20,
      21,
      22,
      23
    ],
    "data": [
      {
        "date": "2024-01-01",
        "hour": 11,
        "value": 48.67,
        "raw_intensity": 0.571,
        "interaction_count": 1,
        "intensity_std": 0,
        "is_weekend": false,
        "type_diversity": 3
      },
      {
        "date": "2024-01-01",
        "hour": 12,
        "value": 49.6,
        "raw_intensity": 0.578,
        "interaction_count": 1,
        "intensity_std": 0,
        "is_weekend": false,
        "type_diversity": 3
      },
      {
        "date": "2024-01-01",
        "hour": 13,
        "value": 0.8,
        "raw_intensity": 0.211,
        "interaction_count": 1,
        "intensity_std": 0,
        "is_weekend": false,
        "type_diversity": 3
      },
      {
        "date": "2024-01-01",
        "hour": 14,
        "value": 0.93,
        "raw_intensity": 0.212,
        "interaction_count": 1,
        "intensity_std": 0,
        "is_weekend": false,
        "type_diversity": 3
      },
      {
        "date": "2024-01-01",
        "hour": 21,
        "value": 29.12,
        "raw_intensity": 0.424,
        "interaction_count": 1,
        "intensity_std": 0,
        "is_weekend": false,
        "type_diversity": 3
      },
      {
        "date": "2024-01-01",
        "hour": 22,
        "value": 87.9,
        "raw_intensity": 0.866,
        "interaction_count": 1,
        "intensity_std": 0,
        "is_weekend": false,
        "type_diversity": 3
      },
      {
        "date": "2024-01-02",
        "hour": 8,
        "value": 59.44,
        "raw_intensity": 0.652,
        "interaction_count": 1,
        "intensity_std": 0,
        "is_weekend": false,
        "type_diversity": 4
      },
      {
        "date": "2024-01-02",
        "hour": 10,
        "value": 71.68,
        "raw_intensity": 0.744,
        "interaction_count": 1,
        "intensity_std": 0,
        "is_weekend": false,
        "type_diversity": 4
      },
      {
        "date": "2024-01-02",
        "hour": 18,
        "value": 9.97,
        "raw_intensity": 0.28,
        "interaction_count": 1,
        "intensity_std": 0,
        "is_weekend": false,
        "type_diversity": 4
      },
      {
        "date": "2024-01-02",
        "hour": 19,
        "value": 30.05,
        "raw_intensity": 0.431,
        "interaction_count": 3,
        "intensity_std": 0.112,
        "is_weekend": false,
        "type_diversity": 4
      },
      {
        "date": "2024-01-03",
        "hour": 11,
        "value": 22.21,
        "raw_intensity": 0.372,
        "interaction_count": 1,
        "intensity_std": 0,
        "is_weekend": false,
        "type_diversity": 4
      },
      {
        "date": "2024-01-03",
        "hour": 14,
        "value": 37.1,
        "raw_intensity": 0.484,
        "interaction_count": 2,
        "intensity_std": 0.112,
        "is_weekend": false,
        "type_diversity": 4
      },
      {
        "date": "2024-01-03",
        "hour": 15,
        "value": 42.82,
        "raw_intensity": 0.527,
        "interaction_count": 1,
        "intensity_std": 0,
        "is_weekend": false,
        "type_diversity": 4
      },
      {
        "date": "2024-01-03",
        "hour": 16,
        "value": 13.3,
        "raw_intensity": 0.305,
        "interaction_count": 1,
        "intensity_std": 0,
        "is_weekend": false,
        "type_diversity": 4
      },
      {
        "date": "2024-01-03",
        "hour": 19,
        "value": 55.85,
        "raw_intensity": 0.625,
        "interaction_count": 1,
        "intensity_std": 0,
        "is_weekend": false,
        "type_diversity": 4
      },
      {
        "date": "2024-01-03",
        "hour": 21,
        "value": 9.71,
        "raw_intensity": 0.278,
        "interaction_count": 1,
        "intensity_std": 0,
        "is_weekend": false,
        "type_diversity": 4
      },
      {
        "date": "2024-01-04",
        "hour": 11,
        "value": 19.95,
        "raw_intensity": 0.355,
        "interaction_count": 1,
        "intensity_std": 0,
        "is_weekend": false,
        "type_diversity": 4
      },
      {
        "date": "2024-01-04",
        "hour": 15,
        "value": 62.9,
        "raw_intensity": 0.678,
        "interaction_count": 1,
        "intensity_std": 0,
        "is_weekend": false,
        "type_diversity": 4
      },
      {
        "date": "2024-01-04",
        "hour": 16,
        "value": 63.96,
        "raw_intensity": 0.686,
        "interaction_count": 1,
        "intensity_std": 0,
        "is_weekend": false,
        "type_diversity": 4
      },
      {
        "date": "2024-01-04",
        "hour": 17,
        "value": 30.59,
        "raw_intensity": 0.435,
        "interaction_count": 1,
        "intensity_std": 0,
        "is_weekend": false,
        "type_diversity": 4
      },
      {
        "date": "2024-01-04",
        "hour": 19,
        "value": 44.55,
        "raw_intensity": 0.54,
        "interaction_count": 1,
        "intensity_std": 0,
        "is_weekend": false,
        "type_diversity": 4
      },
      {
        "date": "2024-01-04",
        "hour": 20,
        "value": 62.97,
        "raw_intensity": 0.678,
        "interaction_count": 2,
        "intensity_std": 0.06,
        "is_weekend": false,
        "type_diversity": 4
      },
      {
        "date": "2024-01-04",
        "hour": 21,
        "value": 49.6,
        "raw_intensity": 0.578,
        "interaction_count": 1,
        "intensity_std": 0,
        "is_weekend": false,
        "type_diversity": 4
      },
      {
        "date": "2024-01-05",
        "hour": 10,
        "value": 18.09,
        "raw_intensity": 0.341,
        "interaction_count": 1,
        "intensity_std": 0,
        "is_weekend": false,
        "type_diversity": 2
      },
      {
        "date": "2024-01-05",
        "hour": 14,
        "value": 48.4,
        "raw_intensity": 0.569,
        "interaction_count": 1,
        "intensity_std": 0,
        "is_weekend": false,
        "type_diversity": 2
      },
      {
        "date": "2024-01-05",
        "hour": 19,
        "value": 41.49,
        "raw_intensity": 0.517,
        "interaction_count": 1,
        "intensity_std": 0,
        "is_weekend": false,
        "type_diversity": 2
      },
      {
        "date": "2024-01-06",
        "hour": 8,
        "value": 15.43,
        "raw_intensity": 0.321,
        "interaction_count": 1,
        "intensity_std": 0,
        "is_weekend": true,
        "type_diversity": 4
      },
      {
        "date": "2024-01-06",
        "hour": 9,
        "value": 23.67,
        "raw_intensity": 0.383,
        "interaction_count": 1,
        "intensity_std": 0,
        "is_weekend": true,
        "type_diversity": 4
      },
      {
        "date": "2024-01-06",
        "hour": 10,
        "value": 78.59,
        "raw_intensity": 0.796,
        "interaction_count": 1,
        "intensity_std": 0,
        "is_weekend": true,
        "type_diversity": 4
      },
      {
        "date": "2024-01-06",
        "hour": 14,
        "value": 48.74,
        "raw_intensity": 0.572,
        "interaction_count": 2,
        "intensity_std": 0.108,
        "is_weekend": true,
        "type_diversity": 4
      },
      {
        "date": "2024-01-07",
        "hour": 10,
        "value": 11.84,
        "raw_intensity": 0.294,
        "interaction_count": 1,
        "intensity_std": 0,
        "is_weekend": true,
        "type_diversity": 5
      },
      {
        "date": "2024-01-07",
        "hour": 11,
        "value": 55.85,
        "raw_intensity": 0.625,
        "interaction_count": 1,
        "intensity_std": 0,
        "is_weekend": true,
        "type_diversity": 5
      },
      {
        "date": "2024-01-07",
        "hour": 12,
        "value": 55.85,
        "raw_intensity": 0.625,
        "interaction_count": 1,
        "intensity_std": 0,
        "is_weekend": true,
        "type_diversity": 5
      },
      {
        "date": "2024-01-07",
        "hour": 16,
        "value": 18.22,
        "raw_intensity": 0.342,
        "interaction_count": 1,
        "intensity_std": 0,
        "is_weekend": true,
        "type_diversity": 5
      },
      {
        "date": "2024-01-07",
        "hour": 17,
        "value": 30.19,
        "raw_intensity": 0.432,
        "interaction_count": 1,
        "intensity_std": 0,
        "is_weekend": true,
        "type_diversity": 5
      },
      {
        "date": "2024-01-07",
        "hour": 21,
        "value": 25.8,
        "raw_intensity": 0.399,
        "interaction_count": 1,
        "intensity_std": 0,
        "is_weekend": true,
        "type_diversity": 5
      },
      {
        "date": "2024-01-07",
        "hour": 22,
        "value": 54.92,
        "raw_intensity": 0.618,
        "interaction_count": 2,
        "intensity_std": 0.338,
        "is_weekend": true,
        "type_diversity": 5
      },
      {
        "date": "2024-01-08",
        "hour": 10,
        "value": 3.59,
        "raw_intensity": 0.232,
        "interaction_count": 1,
        "intensity_std": 0,
        "is_weekend": false,
        "type_diversity": 4
      },
      {
        "date": "2024-01-08",
        "hour": 12,
        "value": 72.34,
        "raw_intensity": 0.749,
        "interaction_count": 1,
        "intensity_std": 0,
        "is_weekend": false,
        "type_diversity": 4
      },
      {
        "date": "2024-01-08",
        "hour": 14,
        "value": 74.2,
        "raw_intensity": 0.763,
        "interaction_count": 1,
        "intensity_std": 0,
        "is_weekend": false,
        "type_diversity": 4
      },
      {
        "date": "2024-01-08",
        "hour": 17,
        "value": 23.67,
        "raw_intensity": 0.383,
        "interaction_count": 2,
        "intensity_std": 0.225,
        "is_weekend": false,
        "type_diversity": 4
      },
      {
        "date": "2024-01-08",
        "hour": 19,
        "value": 27.93,
        "raw_intensity": 0.415,
        "interaction_count": 1,
        "intensity_std": 0,
        "is_weekend": false,
        "type_diversity": 4
      },
      {
        "date": "2024-01-08",
        "hour": 20,
        "value": 5.45,
        "raw_intensity": 0.246,
        "interaction_count": 1,
        "intensity_std": 0,
        "is_weekend": false,
        "type_diversity": 4
      },
      {
        "date": "2024-01-09",
        "hour": 16,
        "value": 12.23,
        "raw_intensity": 0.297,
        "interaction_count": 1,
        "intensity_std": 0,
        "is_weekend": false,
        "type_diversity": 3
      },
      {
        "date": "2024-01-09",
        "hour": 18,
        "value": 48.67,
        "raw_intensity": 0.571,
        "interaction_count": 1,
        "intensity_std": 0,
        "is_weekend": false,
        "type_diversity": 3
      },
      {
        "date": "2024-01-09",
        "hour": 20,
        "value": 59.31,
        "raw_intensity": 0.651,
        "interaction_count": 1,
        "intensity_std": 0,
        "is_weekend": false,
        "type_diversity": 3
      },
      {
        "date": "2024-01-10",
        "hour": 11,
        "value": 45.21,
        "raw_intensity": 0.545,
        "interaction_count": 1,
        "intensity_std": 0,
        "is_weekend": false,
        "type_diversity": 2
      },
      {
        "date": "2024-01-10",
        "hour": 13,
        "value": 5.19,
        "raw_intensity": 0.244,
        "interaction_count": 1,
        "intensity_std": 0,
        "is_weekend": false,
        "type_diversity": 2
      },
      {
        "date": "2024-01-10",
        "hour": 17,
        "value": 8.38,
        "raw_intensity": 0.268,
        "interaction_count": 1,
        "intensity_std": 0,
        "is_weekend": false,
        "type_diversity": 2
      },
      {
        "date": "2024-01-11",
        "hour": 10,
        "value": 24.6,
        "raw_intensity": 0.39,
        "interaction_count": 1,
        "intensity_std": 0,
        "is_weekend": false,
        "type_diversity": 2
      },
      {
        "date": "2024-01-11",
        "hour": 11,
        "value": 22.47,
        "raw_intensity": 0.374,
        "interaction_count": 1,
        "intensity_std": 0,
        "is_weekend": false,
        "type_diversity": 2
      },
      {
        "date": "2024-01-11",
        "hour": 15,
        "value": 27.93,
        "raw_intensity": 0.415,
        "interaction_count": 1,
        "intensity_std": 0,
        "is_weekend": false,
        "type_diversity": 2
      },
      {
        "date": "2024-01-12",
        "hour": 8,
        "value": 81.38,
        "raw_intensity": 0.817,
        "interaction_count": 1,
        "intensity_std": 0,
        "is_weekend": false,
        "type_diversity": 2
      },
      {
        "date": "2024-01-12",
        "hour": 9,
        "value": 28.99,
        "raw_intensity": 0.423,
        "interaction_count": 1,
        "intensity_std": 0,
        "is_weekend": false,
        "type_diversity": 2
      },
      {
        "date": "2024-01-12",
        "hour": 12,
        "value": 32.18,
        "raw_intensity": 0.447,
        "interaction_count": 1,
        "intensity_std": 0,
        "is_weekend": false,
        "type_diversity": 2
      },
      {
        "date": "2024-01-13",
        "hour": 8,
        "value": 18.75,
        "raw_intensity": 0.346,
        "interaction_count": 1,
        "intensity_std": 0,
        "is_weekend": true,
        "type_diversity": 4
      },
      {
        "date": "2024-01-13",
        "hour": 10,
        "value": 78.46,
        "raw_intensity": 0.795,
        "interaction_count": 1,
        "intensity_std": 0,
        "is_weekend": true,
        "type_diversity": 4
      },
      {
        "date": "2024-01-13",
        "hour": 11,
        "value": 52.19,
        "raw_intensity": 0.598,
        "interaction_count": 2,
        "intensity_std": 0.558,
        "is_weekend": true,
        "type_diversity": 4
      },
      {
        "date": "2024-01-13",
        "hour": 14,
        "value": 54.79,
        "raw_intensity": 0.617,
        "interaction_count": 1,
        "intensity_std": 0,
        "is_weekend": true,
        "type_diversity": 4
      },
      {
        "date": "2024-01-13",
        "hour": 16,
        "value": 42.95,
        "raw_intensity": 0.528,
        "interaction_count": 1,
        "intensity_std": 0,
        "is_weekend": true,
        "type_diversity": 4
      },
      {
        "date": "2024-01-13",
        "hour": 22,
        "value": 3.52,
        "raw_intensity": 0.231,
        "interaction_count": 2,
        "intensity_std": 0.019,
        "is_weekend": true,
        "type_diversity": 4
      },
      {
        "date": "2024-01-14",
        "hour": 8,
        "value": 47.07,
        "raw_intensity": 0.559,
        "interaction_count": 1,
        "intensity_std": 0,
        "is_weekend": true,
        "type_diversity": 3
      },
      {
        "date": "2024-01-14",
        "hour": 9,
        "value": 78.99,
        "raw_intensity": 0.799,
        "interaction_count": 1,
        "intensity_std": 0,
        "is_weekend": true,
        "type_diversity": 3
      },
      {
        "date": "2024-01-14",
        "hour": 10,
        "value": 21.81,
        "raw_intensity": 0.369,
        "interaction_count": 1,
        "intensity_std": 0,
        "is_weekend": true,
        "type_diversity": 3
      },
      {
        "date": "2024-01-14",
        "hour": 15,
        "value": 18.09,
        "raw_intensity": 0.341,
        "interaction_count": 1,
        "intensity_std": 0,
        "is_weekend": true,
        "type_diversity": 3
      },
      {
        "date": "2024-01-14",
        "hour": 16,
        "value": 28.92,
        "raw_intensity": 0.422,
        "interaction_count": 2,
        "intensity_std": 0.046,
        "is_weekend": true,
        "type_diversity": 3
      },
      {
        "date": "2024-01-15",
        "hour": 10,
        "value": 48.14,
        "raw_intensity": 0.567,
        "interaction_count": 2,
        "intensity_std": 0.314,
        "is_weekend": false,
        "type_diversity": 3
      },
      {
        "date": "2024-01-15",
        "hour": 11,
        "value": 22.87,
        "raw_intensity": 0.377,
        "interaction_count": 1,
        "intensity_std": 0,
        "is_weekend": false,
        "type_diversity": 3
      },
      {
        "date": "2024-01-15",
        "hour": 12,
        "value": 61.17,
        "raw_intensity": 0.665,
        "interaction_count": 1,
        "intensity_std": 0,
        "is_weekend": false,
        "type_diversity": 3
      },
      {
        "date": "2024-01-15",
        "hour": 14,
        "value": 8.38,
        "raw_intensity": 0.268,
        "interaction_count": 1,
        "intensity_std": 0,
        "is_weekend": false,
        "type_diversity": 3
      },
      {
        "date": "2024-01-15",
        "hour": 15,
        "value": 69.41,
        "raw_intensity": 0.727,
        "interaction_count": 2,
        "intensity_std": 0.018,
        "is_weekend": false,
        "type_diversity": 3
      },
      {
        "date": "2024-01-15",
        "hour": 21,
        "value": 19.68,
        "raw_intensity": 0.353,
        "interaction_count": 1,
        "intensity_std": 0,
        "is_weekend": false,
        "type_diversity": 3
      },
      {
        "date": "2024-01-16",
        "hour": 8,
        "value": 42.29,
        "raw_intensity": 0.523,
        "interaction_count": 1,
        "intensity_std": 0,
        "is_weekend": false,
        "type_diversity": 3
      },
      {
        "date": "2024-01-16",
        "hour": 9,
        "value": 40.29,
        "raw_intensity": 0.508,
        "interaction_count": 1,
        "intensity_std": 0,
        "is_weekend": false,
        "type_diversity": 3
      },
      {
        "date": "2024-01-16",
        "hour": 15,
        "value": 49.47,
        "raw_intensity": 0.577,
        "interaction_count": 1,
        "intensity_std": 0,
        "is_weekend": false,
        "type_diversity": 3
      },
      {
        "date": "2024-01-16",
        "hour": 16,
        "value": 50.93,
        "raw_intensity": 0.588,
        "interaction_count": 1,
        "intensity_std": 0,
        "is_weekend": false,
        "type_diversity": 3
      },
      {
        "date": "2024-01-17",
        "hour": 8,
        "value": 54.79,
        "raw_intensity": 0.617,
        "interaction_count": 1,
        "intensity_std": 0,
        "is_weekend": false,
        "type_diversity": 3
      },
      {
        "date": "2024-01-17",
        "hour": 10,
        "value": 57.38,
        "raw_intensity": 0.636,
        "interaction_count": 2,
        "intensity_std": 0.438,
        "is_weekend": false,
        "type_diversity": 3
      },
      {
        "date": "2024-01-17",
        "hour": 18,
        "value": 20.48,
        "raw_intensity": 0.359,
        "interaction_count": 1,
        "intensity_std": 0,
        "is_weekend": false,
        "type_diversity": 3
      },
      {
        "date": "2024-01-17",
        "hour": 19,
        "value": 61.57,
        "raw_intensity": 0.668,
        "interaction_count": 1,
        "intensity_std": 0,
        "is_weekend": false,
        "type_diversity": 3
      },
      {
        "date": "2024-01-18",
        "hour": 8,
        "value": 78.86,
        "raw_intensity": 0.798,
        "interaction_count": 1,
        "intensity_std": 0,
        "is_weekend": false,
        "type_diversity": 3
      },
      {
        "date": "2024-01-18",
        "hour": 11,
        "value": 0.0,
        "raw_intensity": 0.205,
        "interaction_count": 1,
        "intensity_std": 0,
        "is_weekend": false,
        "type_diversity": 3
      },
      {
        "date": "2024-01-18",
        "hour": 19,
        "value": 87.23,
        "raw_intensity": 0.861,
        "interaction_count": 1,
        "intensity_std": 0,
        "is_weekend": false,
        "type_diversity": 3
      },
      {
        "date": "2024-01-19",
        "hour": 8,
        "value": 75.93,
        "raw_intensity": 0.776,
        "interaction_count": 1,
        "intensity_std": 0,
        "is_weekend": false,
        "type_diversity": 4
      },
      {
        "date": "2024-01-19",
        "hour": 10,
        "value": 35.17,
        "raw_intensity": 0.47,
        "interaction_count": 2,
        "intensity_std": 0.002,
        "is_weekend": false,
        "type_diversity": 4
      },
      {
        "date": "2024-01-19",
        "hour": 12,
        "value": 51.86,
        "raw_intensity": 0.595,
        "interaction_count": 1,
        "intensity_std": 0,
        "is_weekend": false,
        "type_diversity": 4
      },
      {
        "date": "2024-01-19",
        "hour": 17,
        "value": 75.66,
        "raw_intensity": 0.774,
        "interaction_count": 1,
        "intensity_std": 0,
        "is_weekend": false,
        "type_diversity": 4
      },
      {
        "date": "2024-01-19",
        "hour": 19,
        "value": 10.9,
        "raw_intensity": 0.287,
        "interaction_count": 2,
        "intensity_std": 0.119,
        "is_weekend": false,
        "type_diversity": 4
      },
      {
        "date": "2024-01-19",
        "hour": 21,
        "value": 100.0,
        "raw_intensity": 0.957,
        "interaction_count": 1,
        "intensity_std": 0,
        "is_weekend": false,
        "type_diversity": 4
      },
      {
        "date": "2024-01-20",
        "hour": 16,
        "value": 63.3,
        "raw_intensity": 0.681,
        "interaction_count": 1,
        "intensity_std": 0,
        "is_weekend": true,
        "type_diversity": 3
      },
      {
        "date": "2024-01-20",
        "hour": 17,
        "value": 67.62,
        "raw_intensity": 0.714,
        "interaction_count": 2,
        "intensity_std": 0.271,
        "is_weekend": true,
        "type_diversity": 3
      },
      {
        "date": "2024-01-20",
        "hour": 22,
        "value": 33.24,
        "raw_intensity": 0.455,
        "interaction_count": 1,
        "intensity_std": 0,
        "is_weekend": true,
        "type_diversity": 3
      },
      {
        "date": "2024-01-21",
        "hour": 9,
        "value": 23.67,
        "raw_intensity": 0.383,
        "interaction_count": 1,
        "intensity_std": 0,
        "is_weekend": true,
        "type_diversity": 2
      },
      {
        "date": "2024-01-21",
        "hour": 10,
        "value": 34.97,
        "raw_intensity": 0.468,
        "interaction_count": 1,
        "intensity_std": 0,
        "is_weekend": true,
        "type_diversity": 2
      },
      {
        "date": "2024-01-21",
        "hour": 16,
        "value": 36.97,
        "raw_intensity": 0.483,
        "interaction_count": 1,
        "intensity_std": 0,
        "is_weekend": true,
        "type_diversity": 2
      },
      {
        "date": "2024-01-21",
        "hour": 17,
        "value": 19.55,
        "raw_intensity": 0.352,
        "interaction_count": 1,
        "intensity_std": 0,
        "is_weekend": true,
        "type_diversity": 2
      },
      {
        "date": "2024-01-21",
        "hour": 20,
        "value": 28.32,
        "raw_intensity": 0.418,
        "interaction_count": 1,
        "intensity_std": 0,
        "is_weekend": true,
        "type_diversity": 2
      },
      {
        "date": "2024-01-22",
        "hour": 11,
        "value": 47.34,
        "raw_intensity": 0.561,
        "interaction_count": 2,
        "intensity_std": 0.205,
        "is_weekend": false,
        "type_diversity": 3
      },
      {
        "date": "2024-01-22",
        "hour": 13,
        "value": 78.46,
        "raw_intensity": 0.795,
        "interaction_count": 1,
        "intensity_std": 0,
        "is_weekend": false,
        "type_diversity": 3
      },
      {
        "date": "2024-01-22",
        "hour": 14,
        "value": 24.0,
        "raw_intensity": 0.386,
        "interaction_count": 2,
        "intensity_std": 0.223,
        "is_weekend": false,
        "type_diversity": 3
      },
      {
        "date": "2024-01-22",
        "hour": 16,
        "value": 3.46,
        "raw_intensity": 0.231,
        "interaction_count": 1,
        "intensity_std": 0,
        "is_weekend": false,
        "type_diversity": 3
      },
      {
        "date": "2024-01-22",
        "hour": 19,
        "value": 30.78,
        "raw_intensity": 0.436,
        "interaction_count": 2,
        "intensity_std": 0.243,
        "is_weekend": false,
        "type_diversity": 3
      },
      {
        "date": "2024-01-23",
        "hour": 8,
        "value": 9.97,
        "raw_intensity": 0.28,
        "interaction_count": 1,
        "intensity_std": 0,
        "is_weekend": false,
        "type_diversity": 3
      },
      {
        "date": "2024-01-23",
        "hour": 12,
        "value": 19.95,
        "raw_intensity": 0.355,
        "interaction_count": 1,
        "intensity_std": 0,
        "is_weekend": false,
        "type_diversity": 3
      },
      {
        "date": "2024-01-23",
        "hour": 17,
        "value": 18.88,
        "raw_intensity": 0.347,
        "interaction_count": 1,
        "intensity_std": 0,
        "is_weekend": false,
        "type_diversity": 3
      },
      {
        "date": "2024-01-23",
        "hour": 19,
        "value": 35.99,
        "raw_intensity": 0.476,
        "interaction_count": 3,
        "intensity_std": 0.113,
        "is_weekend": false,
        "type_diversity": 3
      },
      {
        "date": "2024-01-23",
        "hour": 21,
        "value": 16.36,
        "raw_intensity": 0.328,
        "interaction_count": 1,
        "intensity_std": 0,
        "is_weekend": false,
        "type_diversity": 3
      },
      {
        "date": "2024-01-24",
        "hour": 12,
        "value": 81.65,
        "raw_intensity": 0.819,
        "interaction_count": 1,
        "intensity_std": 0,
        "is_weekend": false,
        "type_diversity": 1
      },
      {
        "date": "2024-01-24",
        "hour": 13,
        "value": 87.77,
        "raw_intensity": 0.865,
        "interaction_count": 1,
        "intensity_std": 0,
        "is_weekend": false,
        "type_diversity": 1
      },
      {
        "date": "2024-01-24",
        "hour": 14,
        "value": 82.98,
        "raw_intensity": 0.829,
        "interaction_count": 1,
        "intensity_std": 0,
        "is_weekend": false,
        "type_diversity": 1
      },
      {
        "date": "2024-01-25",
        "hour": 12,
        "value": 32.51,
        "raw_intensity": 0.45,
        "interaction_count": 2,
        "intensity_std": 0.094,
        "is_weekend": false,
        "type_diversity": 3
      },
      {
        "date": "2024-01-25",
        "hour": 13,
        "value": 40.16,
        "raw_intensity": 0.507,
        "interaction_count": 1,
        "intensity_std": 0,
        "is_weekend": false,
        "type_diversity": 3
      },
      {
        "date": "2024-01-25",
        "hour": 17,
        "value": 34.04,
        "raw_intensity": 0.461,
        "interaction_count": 2,
        "intensity_std": 0.02,
        "is_weekend": false,
        "type_diversity": 3
      },
      {
        "date": "2024-01-26",
        "hour": 9,
        "value": 31.38,
        "raw_intensity": 0.441,
        "interaction_count": 1,
        "intensity_std": 0,
        "is_weekend": false,
        "type_diversity": 3
      },
      {
        "date": "2024-01-26",
        "hour": 15,
        "value": 62.03,
        "raw_intensity": 0.671,
        "interaction_count": 2,
        "intensity_std": 0.012,
        "is_weekend": false,
        "type_diversity": 3
      },
      {
        "date": "2024-01-26",
        "hour": 17,
        "value": 50.2,
        "raw_intensity": 0.583,
        "interaction_count": 2,
        "intensity_std": 0.004,
        "is_weekend": false,
        "type_diversity": 3
      },
      {
        "date": "2024-01-26",
        "hour": 21,
        "value": 49.07,
        "raw_intensity": 0.574,
        "interaction_count": 1,
        "intensity_std": 0,
        "is_weekend": false,
        "type_diversity": 3
      },
      {
        "date": "2024-01-27",
        "hour": 10,
        "value": 38.3,
        "raw_intensity": 0.493,
        "interaction_count": 1,
        "intensity_std": 0,
        "is_weekend": true,
        "type_diversity": 3
      },
      {
        "date": "2024-01-27",
        "hour": 11,
        "value": 14.63,
        "raw_intensity": 0.315,
        "interaction_count": 1,
        "intensity_std": 0,
        "is_weekend": true,
        "type_diversity": 3
      },
      {
        "date": "2024-01-27",
        "hour": 19,
        "value": 57.05,
        "raw_intensity": 0.634,
        "interaction_count": 1,
        "intensity_std": 0,
        "is_weekend": true,
        "type_diversity": 3
      },
      {
        "date": "2024-01-27",
        "hour": 20,
        "value": 54.92,
        "raw_intensity": 0.618,
        "interaction_count": 1,
        "intensity_std": 0,
        "is_weekend": true,
        "type_diversity": 3
      },
      {
        "date": "2024-01-28",
        "hour": 10,
        "value": 40.69,
        "raw_intensity": 0.511,
        "interaction_count": 2,
        "intensity_std": 0.178,
        "is_weekend": true,
        "type_diversity": 4
      },
      {
        "date": "2024-01-28",
        "hour": 14,
        "value": 1.2,
        "raw_intensity": 0.214,
        "interaction_count": 1,
        "intensity_std": 0,
        "is_weekend": true,
        "type_diversity": 4
      },
      {
        "date": "2024-01-28",
        "hour": 17,
        "value": 84.57,
        "raw_intensity": 0.841,
        "interaction_count": 1,
        "intensity_std": 0,
        "is_weekend": true,
        "type_diversity": 4
      },
      {
        "date": "2024-01-28",
        "hour": 18,
        "value": 20.48,
        "raw_intensity": 0.359,
        "interaction_count": 1,
        "intensity_std": 0,
        "is_weekend": true,
        "type_diversity": 4
      },
      {
        "date": "2024-01-28",
        "hour": 19,
        "value": 45.88,
        "raw_intensity": 0.55,
        "interaction_count": 1,
        "intensity_std": 0,
        "is_weekend": true,
        "type_diversity": 4
      },
      {
        "date": "2024-01-28",
        "hour": 20,
        "value": 16.36,
        "raw_intensity": 0.328,
        "interaction_count": 1,
        "intensity_std": 0,
        "is_weekend": true,
        "type_diversity": 4
      },
      {
        "date": "2024-01-29",
        "hour": 8,
        "value": 18.75,
        "raw_intensity": 0.346,
        "interaction_count": 1,
        "intensity_std": 0,
        "is_weekend": false,
        "type_diversity": 4
      },
      {
        "date": "2024-01-29",
        "hour": 9,
        "value": 30.98,
        "raw_intensity": 0.438,
        "interaction_count": 1,
        "intensity_std": 0,
        "is_weekend": false,
        "type_diversity": 4
      },
      {
        "date": "2024-01-29",
        "hour": 12,
        "value": 51.99,
        "raw_intensity": 0.596,
        "interaction_count": 2,
        "intensity_std": 0.27,
        "is_weekend": false,
        "type_diversity": 4
      },
      {
        "date": "2024-01-29",
        "hour": 17,
        "value": 38.96,
        "raw_intensity": 0.498,
        "interaction_count": 1,
        "intensity_std": 0,
        "is_weekend": false,
        "type_diversity": 4
      },
      {
        "date": "2024-01-29",
        "hour": 20,
        "value": 0.4,
        "raw_intensity": 0.208,
        "interaction_count": 1,
        "intensity_std": 0,
        "is_weekend": false,
        "type_diversity": 4
      },
      {
        "date": "2024-01-30",
        "hour": 10,
        "value": 26.0,
        "raw_intensity": 0.401,
        "interaction_count": 2,
        "intensity_std": 0.173,
        "is_weekend": false,
        "type_diversity": 4
      },
      {
        "date": "2024-01-30",
        "hour": 14,
        "value": 89.36,
        "raw_intensity": 0.877,
        "interaction_count": 1,
        "intensity_std": 0,
        "is_weekend": false,
        "type_diversity": 4
      },
      {
        "date": "2024-01-30",
        "hour": 16,
        "value": 34.18,
        "raw_intensity": 0.462,
        "interaction_count": 2,
        "intensity_std": 0.0,
        "is_weekend": false,
        "type_diversity": 4
      },
      {
        "date": "2024-01-30",
        "hour": 19,
        "value": 67.69,
        "raw_intensity": 0.714,
        "interaction_count": 1,
        "intensity_std": 0,
        "is_weekend": false,
        "type_diversity": 4
      },
      {
        "date": "2024-01-30",
        "hour": 20,
        "value": 61.44,
        "raw_intensity": 0.667,
        "interaction_count": 1,
        "intensity_std": 0,
        "is_weekend": false,
        "type_diversity": 4
      },
      {
        "date": "2024-01-30",
        "hour": 21,
        "value": 73.94,
        "raw_intensity": 0.761,
        "interaction_count": 1,
        "intensity_std": 0,
        "is_weekend": false,
        "type_diversity": 4
      }
    ]
  },
  "points_analysis": {
    "time_patterns": {
      "hourly_distribution": {
        "Dawn": {
          "count": 0,
          "total_points": 0.0,
          "avg_points": NaN
        },
        "Morning": {
          "count": 63,
          "total_points": 318.0,
          "avg_points": 5.05
        },
        "Afternoon": {
          "count": 61,
          "total_points": 289.0,
          "avg_points": 4.74
        },
        "Night": {
          "count": 43,
          "total_points": 216.0,
          "avg_points": 5.02
        }
      },
      "type_contribution": {
        "任务完成": {
          "count": 33,
          "total_points": 210.0,
          "contribution_ratio": 0.255
        },
        "卡片使用": {
          "count": 33,
          "total_points": 117.0,
          "contribution_ratio": 0.142
        },
        "愿望达成": {
          "count": 31,
          "total_points": 348.0,
          "contribution_ratio": 0.423
        },
        "留言互动": {
          "count": 32,
          "total_points": 96.0,
          "contribution_ratio": 0.117
        },
        "积分交易": {
          "count": 38,
          "total_points": 52.0,
          "contribution_ratio": 0.063
        }
      }
    },
    "trend_analysis": {
      "dates": [
        "2024-01-01",
        "2024-01-02",
        "2024-01-03",
        "2024-01-04",
        "2024-01-05",
        "2024-01-06",
        "2024-01-07",
        "2024-01-08",
        "2024-01-09",
        "2024-01-10",
        "2024-01-11",
        "2024-01-12",
        "2024-01-13",
        "2024-01-14",
        "2024-01-15",
        "2024-01-16",
        "2024-01-17",
        "2024-01-18",
        "2024-01-19",
        "2024-01-20",
        "2024-01-21",
        "2024-01-22",
        "2024-01-23",
        "2024-01-24",
        "2024-01-25",
        "2024-01-26",
        "2024-01-27",
        "2024-01-28",
        "2024-01-29",
        "2024-01-30"
      ],
      "metrics": {
        "rolling_avg": [
          36.0,
          33.5,
          30.0,
          33.75,
          29.6,
          28.67,
          29.57,
          27.86,
          25.0,
          22.71,
          17.71,
          18.57,
          21.0,
          19.71,
          21.0,
          22.14,
          25.57,
          27.29,
          32.43,
          30.71,
          29.0,
          31.0,
          31.43,
          32.29,
          32.0,
          28.43,
          26.86,
          29.86,
          26.0,
          29.43
        ],
        "volatility": [
          NaN,
          3.54,
          6.56,
          9.22,
          12.24,
          11.18,
          10.49,
          10.24,
          11.87,
          13.72,
          10.16,
          9.95,
          13.08,
          11.86,
          12.85,
          12.14,
          10.42,
          8.18,
          12.35,
          11.79,
          13.35,
          15.0,
          14.64,
          14.78,
          15.03,
          11.12,
          11.78,
          10.57,
          7.85,
          10.58
        ],
        "trend_direction": [
          "Stable",
          "Down",
          "Down",
          "Up",
          "Down",
          "Down",
          "Up",
          "Down",
          "Down",
          "Down",
          "Down",
          "Up",
          "Up",
          "Down",
          "Up",
          "Up",
          "Up",
          "Up",
          "Up",
          "Down",
          "Down",
          "Up",
          "Up",
          "Up",
          "Down",
          "Down",
          "Down",
          "Up",
          "Down",
          "Up"
        ]
      }
    },
    "summary_stats": {
      "total_points": 823.0,
      "average_daily_points": 27.433333333333334,
      "min_balance": 113.0,
      "max_balance": 923.0
    }
  },
  "metadata": {
    "date_range": {
      "start": "2024-01-01",
      "end": "2024-01-30"
    },
    "data_types": [
      "emotion_heatmap",
      "points_analysis",
      "relationship_growth"
    ],
    "interaction_types": [
      "任务完成",
      "卡片使用",
      "积分交易",
      "留言互动",
      "愿望达成"
    ],
    "version": "1.0",
    "metrics": {
      "emotion_intensity": {
        "min": 0,
        "max": 1,
        "weights": {
          "任务完成": 0.8,
          "卡片使用": 0.6,
          "积分交易": 0.4,
          "留言互动": 0.7,
          "愿望达成": 1.0
        }
      },
      "growth_factors": {
        "interaction": 0.3,
        "points": 0.2,
        "diversity": 0.3,
        "stability": 0.2
      }
    }
  },
  "relationship_growth": {
    "growth_curve": {
      "dates": [
        "2024-01-01",
        "2024-01-02",
        "2024-01-03",
        "2024-01-04",
        "2024-01-05",
        "2024-01-06",
        "2024-01-07",
        "2024-01-08",
        "2024-01-09",
        "2024-01-10",
        "2024-01-11",
        "2024-01-12",
        "2024-01-13",
        "2024-01-14",
        "2024-01-15",
        "2024-01-16",
        "2024-01-17",
        "2024-01-18",
        "2024-01-19",
        "2024-01-20",
        "2024-01-21",
        "2024-01-22",
        "2024-01-23",
        "2024-01-24",
        "2024-01-25",
        "2024-01-26",
        "2024-01-27",
        "2024-01-28",
        "2024-01-29",
        "2024-01-30"
      ],
      "scores": {
        "total": [
          0.528,
          0.609,
          0.668,
          0.717,
          0.426,
          0.593,
          0.749,
          0.655,
          0.461,
          0.423,
          0.488,
          0.405,
          0.667,
          0.613,
          0.666,
          0.608,
          0.555,
          0.42,
          0.729,
          0.576,
          0.631,
          0.711,
          0.728,
          0.513,
          0.697,
          0.716,
          0.622,
          0.762,
          0.727,
          0.811
        ],
        "interaction": [
          0.75,
          0.75,
          0.875,
          1.0,
          0.375,
          0.625,
          1.0,
          0.875,
          0.375,
          0.375,
          0.375,
          0.375,
          1.0,
          0.75,
          1.0,
          0.5,
          0.625,
          0.375,
          1.0,
          0.5,
          0.625,
          1.0,
          0.875,
          0.375,
          0.625,
          0.75,
          0.5,
          0.875,
          0.75,
          1.0
        ],
        "points": [
          0.147,
          0.181,
          0.206,
          0.255,
          0.269,
          0.295,
          0.333,
          0.359,
          0.371,
          0.378,
          0.389,
          0.41,
          0.454,
          0.482,
          0.518,
          0.538,
          0.572,
          0.596,
          0.655,
          0.687,
          0.702,
          0.753,
          0.777,
          0.817,
          0.839,
          0.871,
          0.891,
          0.928,
          0.95,
          1.0
        ],
        "diversity": [
          0.6,
          0.8,
          0.8,
          0.8,
          0.4,
          0.8,
          1.0,
          0.8,
          0.6,
          0.4,
          0.4,
          0.4,
          0.8,
          0.6,
          0.6,
          0.6,
          0.6,
          0.6,
          0.8,
          0.6,
          0.4,
          0.6,
          0.6,
          0.2,
          0.6,
          0.6,
          0.6,
          0.8,
          0.8,
          0.8
        ],
        "stability": [
          0.307,
          0.49,
          0.631,
          0.643,
          0.67,
          0.463,
          0.472,
          0.345,
          0.487,
          0.538,
          0.943,
          0.39,
          0.191,
          0.524,
          0.408,
          0.891,
          0.301,
          0.0,
          0.316,
          0.447,
          0.847,
          0.386,
          0.709,
          0.933,
          0.852,
          0.766,
          0.593,
          0.406,
          0.465,
          0.46
        ]
      }
    },
    "milestones": [
      {
        "name": "初步了解",
        "date": "2024-01-01",
        "score": 0.528481236122351,
        "features": {
          "interaction": 0.75,
          "points": 0.14734561213434452,
          "diversity": 0.6,
          "stability": 0.3074371235004927
        }
      },
      {
        "name": "稳定互动",
        "date": "2024-01-01",
        "score": 0.528481236122351,
        "features": {
          "interaction": 0.75,
          "points": 0.14734561213434452,
          "diversity": 0.6,
          "stability": 0.3074371235004927
        }
      },
      {
        "name": "深入发展",
        "date": "2024-01-04",
        "score": 0.7166988775659859,
        "features": {
          "interaction": 1.0,
          "points": 0.25460455037919827,
          "diversity": 0.8,
          "stability": 0.6426458425762129
        }
      }
    ],
    "current_progress": {
      "score": 0.8108409375100903,
      "level": "深入发展"
    },
    "model_metrics": {
      "feature_importance": {
        "interaction": 0.3,
        "points": 0.2,
        "diversity": 0.3,
        "stability": 0.2
      }
    }
  },
  "last_updated": "2025-02-20 17:52:57",
  "data_quality": {
    "total_records": 167,
    "date_coverage": "30 days",
    "completeness": {
      "emotion_data": 1.0,
      "points_data": 1.0,
      "growth_data": 1.0
    }
  }
}